epoch,accuracy,loss
0,0.3799999952316284,1.6026228666305542
