epoch,accuracy,loss,lr,val_accuracy,val_loss
0,0.31720489263534546,3.2932605743408203,0.001,0.46452632546424866,3.4111361503601074
